Item	Category	SameAs	Material
Asparagus	Fresh vegetables		
Broccoli	Fresh vegetables		
Carrots	Fresh vegetables		
Cauliflower	Fresh vegetables		
Celery	Fresh vegetables		
Corn	Fresh vegetables		
Cucumbers	Fresh vegetables		
Lettuce / Greens	Fresh vegetables		
Mushrooms	Fresh vegetables		
Onions	Fresh vegetables		
Peppers	Fresh vegetables		
Potatoes	Fresh vegetables		
Spinach	Fresh vegetables		
Squash	Fresh vegetables		
Zucchini	Fresh vegetables		
Tomatoes*	Fresh vegetables		
Apples	Fresh fruits		
Avocados	Fresh fruits		
Bananas	Fresh fruits		
Berries	Fresh fruits		
Cherries	Fresh fruits		
Grapefruit	Fresh fruits		
Grapes	Fresh fruits		
Kiwis	Fresh fruits		
Lemons / Limes	Fresh fruits		
Melon	Fresh fruits		
Oranges	Fresh fruits		
Peaches	Fresh fruits		
Nectarines	Fresh fruits		
Pears	Fresh fruits		
Plums	Fresh fruits		
Bagels	Refrigerated items		
Chip dip	Refrigerated items		
English muffins	Refrigerated items		
Eggs / Fake eggs	Refrigerated items		
Fruit juice	Refrigerated items		
Hummus	Refrigerated items		
Ready-bake breads	Refrigerated items		
Tofu	Refrigerated items		
Tortillas	Refrigerated items		
Breakfasts	Frozen		
Burritos	Frozen		
Fish sticks	Frozen		
Ice cream / Sorbet	Frozen		
Juice concentrate	Frozen		
Pizza / Pizza Rolls	Frozen		
Popsicles	Frozen		
Fries / Tater tots	Frozen		
TV dinners	Frozen		
Vegetables	Frozen		
Veggie burgers	Frozen		
BBQ sauce	Condiments / Sauces		
Gravy	Condiments / Sauces		
Honey	Condiments / Sauces		
Hot sauce	Condiments / Sauces		
Jam / Jelly / Preserves	Condiments / Sauces		
Ketchup / Mustard	Condiments / Sauces		
Mayonnaise	Condiments / Sauces		
Pasta sauce	Condiments / Sauces		
Relish	Condiments / Sauces		
Salad dressing	Condiments / Sauces		
Salsa	Condiments / Sauces		
Soy sauce	Condiments / Sauces		
Steak sauce	Condiments / Sauces		
Syrup	Condiments / Sauces		
Worcestershire sauce	Condiments / Sauces		
Bouillon cubes	Various groceries		
Cereal	Various groceries		
Coffee / Filters	Various groceries		
Instant potatoes	Various groceries		
Lemon / Lime juice	Various groceries		
Mac & cheese	Various groceries		
Olive oil	Various groceries		
Pancake / Waffle mix	Various groceries		
Pasta	Various groceries		
Peanut butter	Various groceries		
Pickles	Various groceries		
Rice	Various groceries		
Tea	Various groceries		
Vegetable oil	Various groceries		
Vinegar	Various groceries		
Applesauce	Canned foods		
Baked beans	Canned foods		
Chili	Canned foods		
Fruit	Canned foods		
Olives	Canned foods		
Tinned meats	Canned foods		
Tuna / Chicken	Canned foods		
Soups	Canned foods		
Tomatoes	Canned foods		
Veggies	Canned foods		
Basil	Spices & herbs		
Black pepper	Spices & herbs		
Cilantro	Spices & herbs		
Cinnamon	Spices & herbs		
Garlic	Spices & herbs		
Ginger	Spices & herbs		
Mint	Spices & herbs		
Oregano	Spices & herbs		
Paprika	Spices & herbs		
Parsley	Spices & herbs		
Red pepper	Spices & herbs		
Salt	Spices & herbs		
Spice mix	Spices & herbs		
Vanilla extract	Spices & herbs		
Butter / Margarine	Dairy		
Cottage cheese	Dairy		
Half & half	Dairy		
Milk	Dairy		
Sour cream	Dairy		
Whipped cream	Dairy		
Yogurt	Dairy		
Bleu cheese	Cheese		
Cheddar	Cheese		
Cottage cheese	Cheese		
Cream cheese	Cheese		
Feta	Cheese		
Goat cheese	Cheese		
Mozzarella / Provolone	Cheese		
Parmesan	Cheese		
Provolone	Cheese		
Ricotta	Cheese		
Sandwich slices	Cheese		
Swiss	Cheese		
Bacon / Sausage	Meat		
Beef	Meat		
Chicken	Meat		
Ground beef / Turkey	Meat		
Ham / Pork	Meat		
Hot dogs	Meat		
Lunchmeat	Meat		
Turkey	Meat		
Catfish	Seafood		
Crab	Seafood		
Lobster	Seafood		
Mussels	Seafood		
Oysters	Seafood		
Salmon	Seafood		
Shrimp	Seafood		
Tilapia	Seafood		
Tuna	Seafood		
Beer	Beverages		
Club soda / Tonic	Beverages		
Champagne	Beverages		
Gin	Beverages		
Juice	Beverages		
Mixers	Beverages		
Red wine / White wine	Beverages		
Rum	Beverages		
Saké	Beverages		
Soda pop	Beverages		
Sports drink	Beverages		
Whiskey	Beverages		
Vodka	Beverages		
Bagels / Croissants	Baked goods		
Buns / Rolls	Baked goods		
Cake / Cookies	Baked goods		
Donuts / Pastries	Baked goods		
Fresh bread	Baked goods		
Sliced bread	Baked goods		
Pie! Pie! Pie!	Baked goods		
Pita bread	Baked goods		
Baking powder / Soda	Baking		
Bread crumbs	Baking		
Cake / Brownie mix	Baking		
Cake icing / Decorations	Baking		
Chocolate chips / Cocoa	Baking		
Flour	Baking		
Shortening	Baking		
Sugar	Baking		
Sugar substitute	Baking		
Yeast	Baking		
Candy / Gum	Snacks		
Cookies	Snacks		
Crackers	Snacks		
Dried fruit	Snacks		
Granola bars / Mix	Snacks		
Nuts / Seeds	Snacks		
Oatmeal	Snacks		
Popcorn	Snacks		
Potato / Corn chips	Snacks		
Pretzels	Snacks		
Burger night	Themed meals		
Chili night	Themed meals		
Pizza night	Themed meals		
Spaghetti night	Themed meals		
Taco night	Themed meals		
Take-out deli food	Themed meals		
Baby food	Baby stuff		
Diapers	Baby stuff		
Formula	Baby stuff		
Lotion	Baby stuff		
Baby wash	Baby stuff		
Wipes	Baby stuff		
Cat food / Treats	Pets		
Cat litter	Pets		
Dog food / Treats	Pets		
Flea treatment	Pets		
Pet shampoo	Pets		
Antiperspirant / Deodorant	Personal care		
Bath soap / Hand soap	Personal care		
Condoms / Other b.c.	Personal care		
Cosmetics	Personal care		
Cotton swabs / Balls	Personal care		
Facial cleanser	Personal care		
Facial tissue	Personal care		
Feminine products	Personal care		
Floss	Personal care		
Hair gel / Spray	Personal care		
Lip balm	Personal care		
Moisturizing lotion	Personal care		
Mouthwash	Personal care		
Razors / Shaving cream	Personal care		
Shampoo / Conditioner	Personal care		
Sunblock	Personal care		
Toilet paper	Personal care		
Toothpaste	Personal care		
Vitamins / Supplements	Personal care		
	Personal care		
	Personal care		
Medicine	Personal care		
Allergy	Personal care		
Antibiotic	Personal care		
Antidiarrheal	Personal care		
Aspirin	Personal care		
Antacid	Personal care		
Band-aids / Medical	Personal care		
Cold / Flu / Sinus	Personal care		
Pain reliever	Personal care		
Prescription pick-up	Personal care		
	Personal care		
Kitchen	Personal care		
Aluminum foil	Personal care		
Napkins	Personal care		
Non-stick spray	Personal care		
Paper towels	Personal care		
Plastic wrap	Personal care		
Sandwich / Freezer bags	Personal care		
Wax paper	Personal care		
Air freshener	Cleaning products		
Bathroom cleaner	Cleaning products		
Bleach / Detergent	Cleaning products		
Dish / Dishwasher soap	Cleaning products		
Garbage bags	Cleaning products		
Glass cleaner	Cleaning products		
Mop head / Vacuum bags	Cleaning products		
Sponges / Scrubbers	Cleaning products		
CDRs / DVDRs	Office supplies		
Notepad / Envelopes	Office supplies		
Glue / Tape	Office supplies		
Printer paper	Office supplies		
Pens / Pencils	Office supplies		
Postage stamps	Office supplies		
Automotive	Other stuff		
Batteries	Other stuff		
Charcoal / Propane	Other stuff		
Flowers / Greeting card	Other stuff		
Insect repellent	Other stuff		
Light bulbs	Other stuff		
Newspaper / Magazine	Other stuff		
